{"cameraMode":{"drawMode":0,"name":"Shaded","section":"Shading Mode"},"sceneLighting":true,"audioPlay":false,"sceneViewState":{"showFog":true,"showMaterialUpdate":false,"showSkybox":true,"showFlares":true,"showImageEffects":true,"showParticleSystems":true,"showVisualEffectGraphs":true,"m_FxEnabled":true},"in2DMode":false,"pivot":{"x":16.641040802001954,"y":-121.13300323486328,"z":141.96697998046876},"rotation":{"x":0.3461151719093323,"y":0.052556198090314868,"z":-0.019401250407099725,"w":0.936538577079773},"size":104.4643325805664,"orthographic":false}