{"cameraMode":{"drawMode":0,"name":"Shaded","section":"Shading Mode"},"sceneLighting":true,"audioPlay":false,"sceneViewState":{"showFog":true,"showMaterialUpdate":false,"showSkybox":true,"showFlares":true,"showImageEffects":true,"showParticleSystems":true,"showVisualEffectGraphs":true,"m_FxEnabled":true},"in2DMode":false,"pivot":{"x":-35.63883972167969,"y":-104.60884094238281,"z":138.45323181152345},"rotation":{"x":0.2820885479450226,"y":-0.057519640773534778,"z":0.016945410519838334,"w":0.9575137495994568},"size":103.60198974609375,"orthographic":false}